source_file,source_row,sequence,methylation_status,dnase_signal_status,label
HEK_lenti_in_situ.txt,0,GGATTTTGATATAAGAGTAACAAAAGGAAGCCTC,NNNNNNNNNNNNNNNNNNNNNNNNNNNNNNNNNN,NNNNNNNNNNNNNNNNNNNNNNNNNNNNNNNNNN,0
HEK_lenti_in_situ.txt,1,TAATTTTCCTGCCATCTCAACTCAAAAATCATAC,NNNNNNNNNNNNNNNNNNNNNNNNNNNNNNNNNN,NNNNNNNNNNNNNNNNNNNNNNNNNNNNNNNNNN,0
HEK_lenti_in_situ.txt,2,GATTTTTGAGTTGAGATGGCAGGAAAATTAAGTG,NNNNNNNNNNNNNNNNNNNNNNNNNNNNNNNNNN,NNNNNNNNNNNNNNNNNNNNNNNNNNNNNNNNNN,1
HEK_lenti_in_situ.txt,3,TCTTTTTGCTTTTGCACAAACTCTGTGCCAGCTA,NNNNNNNNNNNNNNNNNNNNNNNNNNNNNNNNNN,NNNNNNNNNNNNNNNNNNNNNNNNNNNNNNNNNN,0
HEK_lenti_in_situ.txt,4,TGCTTTTGCACAAACTCTGTGCCAGCTATGAGAG,NNNNNNNNNNNNNNNNNNNNNNNNNNNNNNNNNN,NNNNNNNNNNNNNNNNNNNNNNNNNNNNNNNNNN,0
HEK_lenti_in_situ.txt,5,TTCCTTTACTTTGTCTTAAGAGCAAATTATTTTT,NNNNNNNNNNNNNNNNNNNNNNNNNNNNNNNNNN,NNNNNNNNNNNNNNNNNNNNNNNNNNNNNNNNNN,0
HEK_lenti_in_situ.txt,6,ATAGTTTCCTTTACTTTGTCTTAAGAGCAAATTA,NNNNNNNNNNNNNNNNNNNNNNNNNNNNNNNNNN,NNNNNNNNNNNNNNNNNNNNNNNNNNNNNNNNNN,0
HEK_lenti_in_situ.txt,7,ACTATTTGATGGAAAGAACGAGGTCTCTTCTTGC,NNNNNNNNNNNNNNNNNNNNNNNNNNNNNNNNNN,NNNNNNNNNNNNNNNNNNNNNNNNNNNNNNNNNN,1
HEK_lenti_in_situ.txt,8,GTAATTTGCACAATGCACCCAATGGTTAATGAAT,NNNNNNNNNNNNNNNNNNNNNNNNNNNNNNNNNN,NNNNNNNNNNNNNNNNNNNNNNNNNNNNNNNNNN,0
HEK_lenti_in_situ.txt,9,TTTCTTTGGTCATCTATTTATTAATGCTATCCTC,NNNNNNNNNNNNNNNNNNNNNNNNNNNNNNNNNN,NNNNNNNNNNNNNNNNNNNNNNNNNNNNNNNNNN,0
HEK_lenti_in_situ.txt,10,GATTTTTACCCTTCAGGAAGTAACTATTAGGTAG,NNNNNNNNNNNNNNNNNNNNNNNNNNNNNNNNNN,NNNNNNNNNNNNNNNNNNNNNNNNNNNNNNNNNN,1
HEK_lenti_in_situ.txt,11,AGAATTTACAATACCTACCTAATAGTTACTTCCT,NNNNNNNNNNNNNNNNNNNNNNNNNNNNNNNNNN,NNNNNNNNNNNNNNNNNNNNNNNNNNNNNNNNNN,1
HEK_lenti_in_situ.txt,12,ATCTTTTAAAGTTAGAATTTACAATACCTACCTA,NNNNNNNNNNNNNNNNNNNNNNNNNNNNNNNNNN,NNNNNNNNNNNNNNNNNNNNNNNNNNNNNNNNNN,0
HEK_lenti_in_situ.txt,13,ATCTTTTCCTCTATCTTTTAAAGTTAGAATTTAC,NNNNNNNNNNNNNNNNNNNNNNNNNNNNNNNNNN,NNNNNNNNNNNNNNNNNNNNNNNNNNNNNNNNNN,0
HEK_lenti_in_situ.txt,14,TGAATTTCAGCTCTCAGTCTATCTACCAACCAGT,NNNNNNNNNNNNNNNNNNNNNNNNNNNNNNNNNN,NNNNNNNNNNNNNNNNNNNNNNNNNNNNNNNNNN,0
HEK_lenti_in_situ.txt,15,ATCTTTTGCACCTGGATATCCCTCAGCTACCTCC,NNNNNNNNNNNNNNNNNNNNNNNNNNNNNNNNNN,NNNNNNNNNNNNNNNNNNNNNNNNNNNNNNNNNN,0
HEK_lenti_in_situ.txt,16,CCAGTTTGGAGGAAGAAGATGAATTAAATGGAGG,NNNNNNNNNNNNNNNNNNNNNNNNNNNNNNNNNN,NNNNNNNNNNNNNNNNNNNNNNNNNNNNNNNNNN,1
HEK_lenti_in_situ.txt,17,GTAGTTTCCAGGGACGGTGACCCGCACATAGTAC,NNNNNNNNNNNNNNNNNNNNNNNNNNNNNNNNNN,NNNNNNNNNNNNNNNNNNNNNNNNNNNNNNNNNN,1
HEK_lenti_in_situ.txt,18,ATACTTTGAGTGAGGGTGGGACCCTAGTTCAAGC,NNNNNNNNNNNNNNNNNNNNNNNNNNNNNNNNNN,NNNNNNNNNNNNNNNNNNNNNNNNNNNNNNNNNN,0
HEK_lenti_in_situ.txt,19,TCAGTTTCCTATTTATTAAATGGATATAATAACA,NNNNNNNNNNNNNNNNNNNNNNNNNNNNNNNNNN,NNNNNNNNNNNNNNNNNNNNNNNNNNNNNNNNNN,0
HEK_lenti_in_situ.txt,20,TCCATTTAATAAATAGGAAACTGAGGGCCTAAGA,NNNNNNNNNNNNNNNNNNNNNNNNNNNNNNNNNN,NNNNNNNNNNNNNNNNNNNNNNNNNNNNNNNNNN,0
HEK_lenti_in_situ.txt,21,GTCTTTTGGGGACCACCATTCAATCTACTATCAG,NNNNNNNNNNNNNNNNNNNNNNNNNNNNNNNNNN,NNNNNNNNNNNNNNNNNNNNNNNNNNNNNNNNNN,1
HEK_lenti_in_situ.txt,22,GTTCTTTGCAGATGTAATCAGGGTAATAATCTCA,NNNNNNNNNNNNNNNNNNNNNNNNNNNNNNNNNN,NNNNNNNNNNNNNNNNNNNNNNNNNNNNNNNNNN,0
HEK_lenti_in_situ.txt,23,CCAATTTAATCCAGGATAATCTCATGTTGAGATT,NNNNNNNNNNNNNNNNNNNNNNNNNNNNNNNNNN,NNNNNNNNNNNNNNNNNNNNNNNNNNNNNNNNNN,0
HEK_lenti_in_situ.txt,24,TGGATTTAAGGCCCAATTTAATCCAGGATAATCT,NNNNNNNNNNNNNNNNNNNNNNNNNNNNNNNNNN,NNNNNNNNNNNNNNNNNNNNNNNNNNNNNNNNNN,0
HEK_lenti_in_situ.txt,25,TCTCTTTGCCTTTTTCTTTCTGGCTCTTATAAGG,NNNNNNNNNNNNNNNNNNNNNNNNNNNNNNNNNN,NNNNNNNNNNNNNNNNNNNNNNNNNNNNNNNNNN,0
HEK_lenti_in_situ.txt,26,TCCCTTTCCAGCTCTGCAGACTCCAGGTTCTCTG,NNNNNNNNNNNNNNNNNNNNNNNNNNNNNNNNNN,NNNNNNNNNNNNNNNNNNNNNNNNNNNNNNNNNN,0
HEK_lenti_in_situ.txt,27,TTCCTTTCCCTTTCCAGCTCTGCAGACTCCAGGT,NNNNNNNNNNNNNNNNNNNNNNNNNNNNNNNNNN,NNNNNNNNNNNNNNNNNNNNNNNNNNNNNNNNNN,0
HEK_lenti_in_situ.txt,28,TGTCTTTGGAGGGGGTGCAGCCCTGCCCACACCT,NNNNNNNNNNNNNNNNNNNNNNNNNNNNNNNNNN,NNNNNNNNNNNNNNNNNNNNNNNNNNNNNNNNNN,0
HEK_lenti_in_situ.txt,29,TTCGTTTCCCATGGCTGCCATAACAAATTACCAC,NNNNNNNNNNNNNNNNNNNNNNNNNNNNNNNNNN,NNNNNNNNNNNNNNNNNNNNNNNNNNNNNNNNNN,0
HEK_lenti_in_situ.txt,30,TTTGTTTACCGCTTGCTGCAGCCATTAATAAGCA,NNNNNNNNNNNNNNNNNNNNNNNNNNNNNNNNNN,NNNNNNNNNNNNNNNNNNNNNNNNNNNNNNNNNN,0
HEK_lenti_in_situ.txt,31,ACTGTTTGAACTCGGGCAAGTGGCTCCGGGGGCG,NNNNNNNNNNNNNNNNNNNNNNNNNNNNNNNNNN,NNNNNNNNNNNNNNNNNNNNNNNNNNNNNNNNNN,0
HEK_lenti_in_situ.txt,32,ACAGTTTCCCCCTTACCCTCTTTGTGACCTTGGG,NNNNNNNNNNNNNNNNNNNNNNNNNNNNNNNNNN,NNNNNNNNNNNNNNNNNNNNNNNNNNNNNNNNNN,0
HEK_lenti_in_situ.txt,33,TCTGTTTCCTCATCTATCAAGTGGGAATAAGGCG,NNNNNNNNNNNNNNNNNNNNNNNNNNNNNNNNNN,NNNNNNNNNNNNNNNNNNNNNNNNNNNNNNNNNN,0
HEK_lenti_in_situ.txt,34,GGCGTTTGCCCCATGGAACTGTTGTCAGGATCAC,NNNNNNNNNNNNNNNNNNNNNNNNNNNNNNNNNN,NNNNNNNNNNNNNNNNNNNNNNNNNNNNNNNNNN,1
HEK_lenti_in_situ.txt,35,GGCATTTCCTATGAGACAGCCTTGGGGCTTTTTT,NNNNNNNNNNNNNNNNNNNNNNNNNNNNNNNNNN,AAAAAAAAAAAAAAAAAAAAAAAAAAAAAAAAAA,0
HEK_lenti_in_situ.txt,36,GTATTTTCACTGCGCTCATCATTAACATTAACTC,NNNNNNNNNNNNNNNNNNNNNNNNNNNNNNNNNN,AAAAAAAAAAAAAAAAAAAAAAAAAAAAAAAAAA,1
HEK_lenti_in_situ.txt,37,ATGCTTTGCCTCGCCTCTCGCTGTGTATCTGTAT,NNNNNNNNNNNNNNNNNNNNNNNNNNNNNNNNNN,AAAAAAAAAAAAAAAAAAAAAAAAAAAAAAAAAA,1
HEK_lenti_in_situ.txt,38,TGGCTTTTACCCTCCACGCACTCACACGCCACCC,NNNNNNNNNNNNNNNNNNNNNNNNNNNNNNNNNN,AAAAAAAAAAAAAAAAAAAAAAAAAAAAAAAAAA,1
HEK_lenti_in_situ.txt,39,AGATTTTAGTTGCTCTCCAACGTACCTTTGCTTC,NNNNNNNNNNNNNNNNNNNNNNNNNNNNNNNNNN,AAAAAAAAAAAAAAAAAAAAAAAAAAAAAAAAAA,1
HEK_lenti_in_situ.txt,40,CTGATTTCCATCTTTGGAGCATCAGATGTATTCC,NNNNNNNNNNNNNNNNNNNNNNNNNNNNNNNNNN,AAAAAAAAAAAAAAAAAAAAAAAAAAAAAAAAAA,0
HEK_lenti_in_situ.txt,41,CATCTTTGGAGCATCAGATGTATTCCCTAAGGAG,NNNNNNNNNNNNNNNNNNNNNNNNNNNNNNNNNN,AAAAAAAAAAAAAAAAAAAAAAAAAAAAAAAAAA,0
HEK_lenti_in_situ.txt,42,AATTTTTGACCATAGCATTCAACCAATTATCAGA,NNNNNNNNNNNNNNNNNNNNNNNNNNNNNNNNNN,AAAAAAAAAAAAAAAAAAAAAAAAAAAAAAAAAA,1
HEK_lenti_in_situ.txt,43,TGCTTTTCCCTAAAACTGAATATGGCTTTACAAT,NNNNNNNNNNNNNNNNNNNNNNNNNNNNNNNNNN,NNNNNNNNNNNNNNNNNNNNNNNNNNNNNNNNNN,1
HEK_lenti_in_situ.txt,44,GTTTTTTAACTATTTATTTTAAGCCATAAGTGAT,NNNNNNNNNNNNNNNNNNNNNNNNNNNNNNNNNN,NNNNNNNNNNNNNNNNNNNNNNNNNNNNNNNNNN,0
HEK_lenti_in_situ.txt,45,TTATTTTAAGCCATAAGTGATTCAGTATGGGAAA,NNNNNNNNNNNNNNNNNNNNNNNNNNNNNNNNNN,NNNNNNNNNNNNNNNNNNNNNNNNNNNNNNNNNN,0
HEK_lenti_in_situ.txt,46,AATATTTAAAGTCTTACAAGGCAGAGTAAAGATC,NNNNNNNNNNNNNNNNNNNNNNNNNNNNNNNNNN,NNNNNNNNNNNNNNNNNNNNNNNNNNNNNNNNNN,0
HEK_lenti_in_situ.txt,47,AGACTTTAAATATTCTGCTCCATGATGTAATGCA,NNNNNNNNNNNNNNNNNNNNNNNNNNNNNNNNNN,NNNNNNNNNNNNNNNNNNNNNNNNNNNNNNNNNN,0
HEK_lenti_in_situ.txt,48,AATATTTGGTAATTGGCCCCCCTCCTCCACCCTA,NNNNNNNNNNNNNNNNNNNNNNNNNNNNNNNNNN,NNNNNNNNNNNNNNNNNNNNNNNNNNNNNNNNNN,0
HEK_lenti_in_situ.txt,49,TAGCTTTCCTTGCAGCTTACTTGGAAATGGATGA,NNNNNNNNNNNNNNNNNNNNNNNNNNNNNNNNNN,NNNNNNNNNNNNNNNNNNNNNNNNNNNNNNNNNN,1
HEK_lenti_in_situ.txt,50,TCCATTTCCAAGTAAGCTGCAAGGAAAGCTATAC,NNNNNNNNNNNNNNNNNNNNNNNNNNNNNNNNNN,NNNNNNNNNNNNNNNNNNNNNNNNNNNNNNNNNN,1
HEK_lenti_in_situ.txt,51,CTCTTTTCCCTTTTAAGATCAACCACCTCAGAAG,NNNNNNNNNNNNNNNNNNNNNNNNNNNNNNNNNN,NNNNNNNNNNNNNNNNNNNNNNNNNNNNNNNNNN,0
HEK_lenti_in_situ.txt,52,TTGTTTTACCCTGCGTTCTATGCTACTAAACCTT,NNNNNNNNNNNNNNNNNNNNNNNNNNNNNNNNNN,NNNNNNNNNNNNNNNNNNNNNNNNNNNNNNNNNN,1
HEK_lenti_in_situ.txt,53,AAGGTTTAGTAGCATAGAACGCAGGGTAAAACAA,NNNNNNNNNNNNNNNNNNNNNNNNNNNNNNNNNN,NNNNNNNNNNNNNNNNNNNNNNNNNNNNNNNNNN,1
HEK_lenti_in_situ.txt,54,ATCTTTTAGCCTTGTTTGTGGTTCGAGAACAGAA,NNNNNNNNNNNNNNNNNNNNNNNNNNNNNNNNNN,NNNNNNNNNNNNNNNNNNNNNNNNNNNNNNNNNN,0
HEK_lenti_in_situ.txt,55,TATTTTTAAAAGTATTGAGCTTTATAATGTAATT,NNNNNNNNNNNNNNNNNNNNNNNNNNNNNNNNNN,NNNNNNNNNNNNNNNNNNNNNNNNNNNNNNNNNN,0
HEK_lenti_in_situ.txt,56,TACTTTTAAAAATACACAACCCCAATCCTGTATA,NNNNNNNNNNNNNNNNNNNNNNNNNNNNNNNNNN,NNNNNNNNNNNNNNNNNNNNNNNNNNNNNNNNNN,0
HEK_lenti_in_situ.txt,57,GCATTTTAAATTACATGTTTATTAAGTGGCATTG,NNNNNNNNNNNNNNNNNNNNNNNNNNNNNNNNNN,NNNNNNNNNNNNNNNNNNNNNNNNNNNNNNNNNN,0
HEK_lenti_in_situ.txt,58,GTAATTTAAAATGCTGGCAACATCATAAAAAAAC,NNNNNNNNNNNNNNNNNNNNNNNNNNNNNNNNNN,NNNNNNNNNNNNNNNNNNNNNNNNNNNNNNNNNN,1
HEK_lenti_in_situ.txt,59,GTTATTTGAGCAATGCCACTTAATAAACATGTAA,NNNNNNNNNNNNNNNNNNNNNNNNNNNNNNNNNN,NNNNNNNNNNNNNNNNNNNNNNNNNNNNNNNNNN,0
HEK_lenti_in_situ.txt,60,AATATTTCCACGCATACTCTGTAGTTATTTGAGC,NNNNNNNNNNNNNNNNNNNNNNNNNNNNNNNNNN,NNNNNNNNNNNNNNNNNNNNNNNNNNNNNNNNNN,0
HEK_lenti_in_situ.txt,61,ATAGTTTGGAGATTCAAAGAGAAAAATCAAGCTT,NNNNNNNNNNNNNNNNNNNNNNNNNNNNNNNNNN,NNNNNNNNNNNNNNNNNNNNNNNNNNNNNNNNNN,0
HEK_lenti_in_situ.txt,62,TCTCTTTGAATCTCCAAACTATTCAGACAGCAAA,NNNNNNNNNNNNNNNNNNNNNNNNNNNNNNNNNN,NNNNNNNNNNNNNNNNNNNNNNNNNNNNNNNNNN,0
HEK_lenti_in_situ.txt,63,ATAATTTAATACCTCTGAAGCTTGATTTTTCTCT,NNNNNNNNNNNNNNNNNNNNNNNNNNNNNNNNNN,NNNNNNNNNNNNNNNNNNNNNNNNNNNNNNNNNN,0
HEK_lenti_in_situ.txt,64,ACATTTTAAGTGAAGTCCTGGGGTGCACACAGCA,NNNNNNNNNNNNNNNNNNNNNNNNNNNNNNNNNN,AAAAAAAAAAAAAAAAAAAAAAAAAAAAAAAAAA,1
HEK_lenti_in_situ.txt,65,TTTATTTCAAAAACAGTCAGCATCTTAAAGCAGA,NNNNNNNNNNNNNNNNNNNNNNNNNNNNNNNNNN,AAAAAAAAAAAAAAAAAAAAAAAAAAAAAAAAAA,0
HEK_lenti_in_situ.txt,66,CTGCTTTAAGATGCTGACTGTTTTTGAAATAAAA,NNNNNNNNNNNNNNNNNNNNNNNNNNNNNNNNNN,AAAAAAAAAAAAAAAAAAAAAAAAAAAAAAAAAA,0
HEK_lenti_in_situ.txt,67,TGTTTTTGAAATAAAACTTTAAAACATGCCATAA,NNNNNNNNNNNNNNNNNNNNNNNNNNNNNNNNNN,AAAAAAAAAAAAAAAAAAAAAAAAAAAAAAAAAA,0
HEK_lenti_in_situ.txt,68,AAACTTTAAAACATGCCATAAAAAGCAACTATTC,NNNNNNNNNNNNNNNNNNNNNNNNNNNNNNNNNN,AAAAAAAAAAAAAAAAAAAAAAAAAAAAAAAAAA,0
HEK_lenti_in_situ.txt,69,ACTCTTTCCCCAGAGGAATAGTTGCTTTTTATGG,NNNNNNNNNNNNNNNNNNNNNNNNNNNNNNNNNN,AAAAAAAAAAAAAAAAAAAAAAAAAAAAAAAAAA,1
HEK_lenti_in_situ.txt,70,ACACTTTAGGCCACTCTTTCCCCAGAGGAATAGT,NNNNNNNNNNNNNNNNNNNNNNNNNNNNNNNNNN,AAAAAAAAAAAAAAAAAAAAAAAAAAAAAAAAAA,0
HEK_lenti_in_situ.txt,71,AGTCTTTCCCATAGTTACAATCAAAGACACTTTA,NNNNNNNNNNNNNNNNNNNNNNNNNNNNNNNNNN,AAAAAAAAAAAAAAAAAAAAAAAAAAAAAAAAAA,0
HEK_lenti_in_situ.txt,72,ACGCTTTCCTGAGTCTTGTGGTTGTAATCTTACA,NNNNNNNNNNNNNNNNNNNNNNNNNNNNNNNNNN,AAAAAAAAAAAAAAAAAAAAAAAAAAAAAAAAAA,0
HEK_lenti_in_situ.txt,73,ACATTTTGGAATGTCCTCGTTGGAAAATGAAAGT,NNNNNNNNNNNNNNNNNNNNNNNNNNNNNNNNNN,AAAAAAAAAAAAAAAAAAAAAAAAAAAAAAAAAA,1
HEK_lenti_in_situ.txt,74,GACTTTTAACATTTTGGAATGTCCTCGTTGGAAA,NNNNNNNNNNNNNNNNNNNNNNNNNNNNNNNNNN,AAAAAAAAAAAAAAAAAAAAAAAAAAAAAAAAAA,0
HEK_lenti_in_situ.txt,75,TGTTTTTGGAGCCATGACTTTTAACATTTTGGAA,NNNNNNNNNNNNNNNNNNNNNNNNNNNNNNNNNN,AAAAAAAAAAAAAAAAAAAAAAAAAAAAAAAAAA,0
HEK_lenti_in_situ.txt,76,CAGCTTTCACTCATTTGACTGTTTTTGGAGCCAT,NNNNNNNNNNNNNNNNNNNNNNNNNNNNNNNNNN,AAAAAAAAAAAAAAAAAAAAAAAAAAAAAAAAAA,0
HEK_lenti_in_situ.txt,77,CTGGTTTAGCTAGTGCATACATGCACACGTGTGC,NNNNNNNNNNNNNNNNNNNNNNNNNNNNNNNNNN,AAAAAAAAAAAAAAAAAAAAAAAAAAAAAAAAAA,0
HEK_lenti_in_situ.txt,78,CAAGTTTCATCAGGAACGACCCCACAAAACCACA,NNNNNNNNNNNNNNNNNNNNNNNNNNNNNNNNNN,AAAAAAAAAAAAAAAAAAAAAAAAAAAAAAAAAA,0
HEK_lenti_in_situ.txt,79,TTGTTTTGGTTTGTGGTTTTGTGGGGTCGTTCCT,NNNNNNNNNNNNNNNNNNNNNNNNNNNNNNNNNN,AAAAAAAAAAAAAAAAAAAAAAAAAAAAAAAAAA,0
HEK_lenti_in_situ.txt,80,AGTATTTAGCTGTCACTGAAAGAGATTTATTCCA,NNNNNNNNNNNNNNNNNNNNNNNNNNNNNNNNNN,AAAAAAAAAAAAAAAAAAAAAAAAAAAAAAAAAA,0
HEK_lenti_in_situ.txt,81,GATGTTTCAGTGGTTATATAGTCCACGAAGATGA,NNNNNNNNNNNNNNNNNNNNNNNNNNNNNNNNNN,AAAAAAAAAAAAAAAAAAAAAAAAAAAAAAAAAA,1
HEK_lenti_in_situ.txt,82,CTGGTTTGCAGCGCTGGGCAGGCAGTGTTTTTTT,NNNNNNNNNNNNNNNNNNNNNNNNNNNNNNNNNN,NNNNNNNNNNNNNNNNNNNNNNNNNNNNNNNNNN,0
HEK_lenti_in_situ.txt,83,CACATTTCCGGGCGTTTACGGCCCCACCACGGTC,NNNNNNNNANNNNNNNNNNNNNNNNNNNNNNNNN,NNNNNNNNNNNNNNNNNNNNNNNNNNNNNNNNNN,0
HEK_lenti_in_situ.txt,84,TGCCTTTACGTAGCCCCTCTTCTCCAGTGCAAAG,NNNNNNNNNNNNNNNNNNNNNNNNNNNNNNNNNN,NNNNNNNNNNNNNNNNNNNNNNNNNNNNNNNNNN,0
HEK_lenti_in_situ.txt,85,TGCATTTGGAACATTGTGGGGAGTTGGCCAGTCT,NNNNNNNNNNNNNNNNNNNNNNNNNNNNNNNNNN,NNNNNNNNNNNNNNNNNNNNNNNNNNNNNNNNNN,0
HEK_lenti_in_situ.txt,86,CAGATTTTGAGTTCCTGCTCCCCAGCAGCTTTGA,NNNNNNNNNNNNNNNNNNNNNNNNNNNNNNNNNN,NNNNNNNNNNNNNNNNNNNNNNNNNNNNNNNNNN,0
HEK_lenti_in_situ.txt,87,CATGTTTATCGACCGGCACAAACAGCTGCGGGCC,NNNNANNNNNNNNNNNNNANNNANNNNNNNNNNN,NNNNNNNNNNNNNNNNNNNNNNNNNNNNNNNNNN,0
HEK_lenti_in_situ.txt,88,TCTGTTTACCTCGTCAGAGACCACCCATGGAAGA,NNNNNNNNNNNNNNNNNNNNNNNNNNNNNNNNNN,NNNNNNNNNNNNNNNNNNNNNNNNNNNNNNNNNN,1
HEK_lenti_in_situ.txt,89,GCGCTTTCATCCTCCAGGCAGTTGGTACACTTGC,NNNNNNNNNNNNNNNNNNNNNNNNNNNNNNNNNN,NNNNNNNNNNNNNNNNNNNNNNNNNNNNNNNNNN,1
HEK_lenti_in_situ.txt,90,TCACTTTAGTGCCTTAGCTACTTTGAAGTAAAGA,NNNNNNNNNNNNNNNNNNNNNNNNNNNNNNNNNN,NNNNNNNNNNNNNNNNNNNNNNNNNNNNNNNNNN,1
HEK_lenti_in_situ.txt,91,GGCCTTTGAAATGTGCTCCCAGCTGCAGGCCCAG,NNNNNNNNNNNNNNNNNNNNNNNNNNNNNNNNNN,AAAAAAAAAAAAAAAAAAAAAAAAAAAAAAAAAA,0
HEK_lenti_in_situ.txt,92,CGCTTTTTCTTATGCTCCATGTATGCGCCCGTGT,NNNNNNNNNNNNNNNNNNNNNNNNNNNNNNNNNN,AAAAAAAAAAAAAAAAAAAAAAAAAAAAAAAAAA,0
HEK_lenti_in_situ.txt,93,AGATTTTCTAGCAGCTTTCTCTGATTGTTCCTTT,NNNNNNNNNNNNNNNNNNNNNNNNNNNNNNNNNN,NNNNNNNNNNNNNNNNNNNNNNNNNNNNNNNNNN,0
HEK_lenti_in_situ.txt,94,CAGCTTTCAGCCGTCTCTGTGCTGCTCGCCTCAC,NNNNNNNNNNNNNNNNNNNNNNNNNNNNNNNNNN,NNNNNNNNNNNNNNNNNNNNNNNNNNNNNNNNNN,0
HEK_lenti_in_situ.txt,95,ACACTTTCGTCCGCTTCATTGAACGTTATCAGTC,NNNNNNNNNNNNNNNNNNNNNNNNNNNNNNNNNN,NNNNNNNNNNNNNNNNNNNNNNNNNNNNNNNNNN,0
HEK_lenti_in_situ.txt,96,CTTTTTTTCTCCTTTCGATTCTTAAGCTTTTCTG,NNNNNNNNNNNNNNNNNNNNNNNNNNNNNNNNNN,NNNNNNNNNNNNNNNNNNNNNNNNNNNNNNNNNN,0
HEK_lenti_in_situ.txt,97,GAGCTTTTGAGCGTGAAGCTGTCCCTGGATATTG,NNNNNNNNNNNNNNNNNNNNNNNNNNNNNNNNNN,NNNNNNNNNNNNNNNNNNNNNNNNNNNNNNNNNN,0
HEK_lenti_in_situ.txt,98,TCCCTTTCCCTGGGAACCGGCTCCTCCCCACGGA,NNANNNNNNNNNNNNANNNNNNNNNNNNNNNNNN,AAAAAAAAAAAAAAAAAAAAAAAAAAAAAAAAAA,1
HEK_lenti_in_situ.txt,99,GGTATTTGAACAATCACTCATCTGCTCCTTACTT,NNNNNNNNNNNNNNNNNNNNNNNNNNNNNNNNNN,NNNNNNNNNNNNNNNNNNNNNNNNNNNNNNNNNN,0
HEK_lenti_in_situ.txt,100,GCACTTTGTCACTGCCAAGAAGAAGATCAATGGC,NNNNNNNNNNNNNNNNNNNNNNNNNNNNNNNNNN,NNNNNNNNNNNNNNNNNNNNNNNNNNNNNNNNNN,0
HEK_lenti_in_situ.txt,101,GGGCTTTGGGTGTGGCCCTGCTGGCCTGCTTCTG,NNNNNNNNNNNNNNNNNNNNNNNNNNNNNNNNNN,NNNNNNNNNNNNNNNNNNNNNNNNNNNNNNNNNN,0
HEK_lenti_in_situ.txt,102,TCGCTTTGGTGAACATCTGCCCCGCGTTGTACAC,NNNNNNNNNNNNNNNNNNNNNNNNNNNNNNNNNN,NNNNNNNNNNNNNNNNNNNNNNNNNNNNNNNNNN,0
HEK_lenti_in_situ.txt,103,CACCTTTCCTTGGTGGACATCTGCTACTCGTCCG,NNNNNNNNNNNNNNNNNNNNNNNNNNNNNNNNNN,NNNNNNNNNNNNNNNNNNNNNNNNNNNNNNNNNN,0
HEK_lenti_in_situ.txt,104,TTTCTTTTCCACCTGTGGCTGTACGCGTGTGAAT,NNNNNNNNNNNNNNNNNNNNNNNNNNNNNNNNNN,NNNNNNNNNNNNNNNNNNNNNNNNNNNNNNNNNN,0
HEK_lenti_in_situ.txt,105,GGAGTTTCTTGTGGCCCTCTGTGTGGTGGCCTAT,NNNNNNNNNNNNNNNNNNNNNNNNNNNNNNNNNN,NNNNNNNNNNNNNNNNNNNNNNNNNNNNNNNNNN,1
HEK_lenti_in_situ.txt,106,GCAATTTATCCACGGCATCCTTGTCTTTTCCACT,NNNNNNNNNNNNNNNNNNNNNNNNNNNNNNNNNN,NNNNNNNNNNNNNNNNNNNNNNNNNNNNNNNNNN,1
HEK_lenti_in_situ.txt,107,TCATTTTATTTTCTTTCTCAGTGATTTGGATCAA,NNNNNNNNNNNNNNNNNNNNNNNNNNNNNNNNNN,NNNNNNNNNNNNNNNNNNNNNNNNNNNNNNNNNN,0
HEK_lenti_in_situ.txt,108,CGACTTTCTCCGGTTGGTGATCACCAGGACGGCC,ANNNNNNNNNANNNNNNNNNNNNNNNNNNNNNNN,NNNNNNNNNNNNNNNNNNNNNNNNNNNNNNNNNN,0
HEK_lenti_in_situ.txt,109,TTGATTTTCGTGGCTCCCTCGGGAATCTCCACGA,NNNNNNNNNNNNNNNNNNNNNNNNNNNNNNNNNN,NNNNNNNNNNNNNNNNNNNNNNNNNNNNNNNNNN,0
HEK_lenti_in_situ.txt,110,CTCCTTTACCAGCTTCTTCCCCACCACCTTGGCC,NNNNNNNNNNNNNNNNNNNNNNNNNNNNNNNNNN,NNNNNNNNNNNNNNNNNNNNNNNNNNNNNNNNNN,0
HEK_lenti_in_situ.txt,111,TGGCTTTGTGGGGGAGGCTTCCCCCTGAGGCCCG,NNNNNNNNNNNNNNNNNNNNNNNNNNNNNNNNNN,NNNNNNNNNNNNNNNNNNNNNNNNNNNNNNNNNN,0
HEK_lenti_in_situ.txt,112,TTGTTTTCCACCCTCTGCAATGACCTTGTCAACT,NNNNNNNNNNNNNNNNNNNNNNNNNNNNNNNNNN,NNNNNNNNNNNNNNNNNNNNNNNNNNNNNNNNNN,0
HEK_lenti_in_situ.txt,113,CACTTTTCTCCTTCTGTTGGCCACTCACCCCTGC,NNNNNNNNNNNNNNNNNNNNNNNNNNNNNNNNNN,NNNNNNNNNNNNNNNNNNNNNNNNNNNNNNNNNN,1
HEK_lenti_in_situ.txt,114,TTACTTTTTTATCAAATTTCTTCTGTTTCATTTT,NNNNNNNNNNNNNNNNNNNNNNNNNNNNNNNNNN,NNNNNNNNNNNNNNNNNNNNNNNNNNNNNNNNNN,0
HEK_lenti_in_situ.txt,115,ACTCTTTCACCTTTGTACCAGCTGTAGCCAAAAA,NNNNNNNNNNNNNNNNNNNNNNNNNNNNNNNNNN,NNNNNNNNNNNNNNNNNNNNNNNNNNNNNNNNNN,0
HEK_lenti_in_situ.txt,116,ACTATTTGGACCTCTACCTCATACACTGGCCCAT,NNNNNNNNNNNNNNNNNNNNNNNNNNNNNNNNNN,NNNNNNNNNNNNNNNNNNNNNNNNNNNNNNNNNN,1
HEK_lenti_in_situ.txt,117,TTCTTTTTGCTTCAGGATGTTTACAACATTTGCT,NNNNNNNNNNNNNNNNNNNNNNNNNNNNNNNNNN,NNNNNNNNNNNNNNNNNNNNNNNNNNNNNNNNNN,0
HEK_lenti_in_situ.txt,118,GCTCTTTGGGGGGTTCTCAATGTTACTGTGGATT,NNNNNNNNNNNNNNNNNNNNNNNNNNNNNNNNNN,NNNNNNNNNNNNNNNNNNNNNNNNNNNNNNNNNN,0
HEK_lenti_in_situ.txt,119,ACCATTTTGTTCATCTACTTCCTCTTCTTCCTCA,NNNNNNNNNNNNNNNNNNNNNNNNNNNNNNNNNN,NNNNNNNNNNNNNNNNNNNNNNNNNNNNNNNNNN,0
HEK_lenti_in_situ.txt,120,CAGGTTTAGTCCCAGGAAGCACCACTCTGCACAG,NNNNNNNNNNNNNNNNNNNNNNNNNNNNNNNNNN,NNNNNNNNNNNNNNNNNNNNNNNNNNNNNNNNNN,1
HEK_lenti_in_situ.txt,121,AGCCTTTGATGAGCTGCGGACCGACTTCAAGAAC,NNNNNNNNNNNNNNNNNNNNNNNNNNNNNNNNNN,AAAAAAAAAAAAAAAAAAAAAAAAAAAAAAAAAA,0
HEK_lenti_in_situ.txt,122,GAACTTTCCCAGCCACCTGTACCATGGTGGTCAG,NNNNNNNNNNNNNNNNNNNNNNNNNNNNNNNNNN,NNNNNNNNNNNNNNNNNNNNNNNNNNNNNNNNNN,1
HEK_lenti_in_situ.txt,123,ATTTTTTGCCACTTGGCAATGCTGACAAGCATAT,NNNNNNNNNNNNNNNNNNNNNNNNNNNNNNNNNN,NNNNNNNNNNNNNNNNNNNNNNNNNNNNNNNNNN,1
HEK_lenti_in_situ.txt,124,TCTCTTTCTAATTGGACTTGTTGAAAAGACTCCT,NNNNNNNNNNNNNNNNNNNNNNNNNNNNNNNNNN,NNNNNNNNNNNNNNNNNNNNNNNNNNNNNNNNNN,0
HEK_lenti_in_situ.txt,125,CAAATTTGAACCCAGGAATCCTTTTGTCGCTGCA,NNNNNNNNNNNNNNNNNNNNNNNNNNNNNNNNNN,NNNNNNNNNNNNNNNNNNNNNNNNNNNNNNNNNN,0
HEK_lenti_in_situ.txt,126,ACATTTTCACTGATCTCTGTGCCTGGCAGAAGGC,NNNNNNNNNNNNNNNNNNNNNNNNNNNNNNNNNN,AAAAAAAAAAAAAAAAAAAAAAAAAAAAAAAAAA,0
HEK_lenti_in_situ.txt,127,AGCTTTTCAGCCCTGAACGTGCACTGCAAACGCG,NNNNNNNNNNNNNNNNNNNNNNNNNNNNNNNNNN,AAAAAAAAAAAAAAAAAAAAAAAAAAAAAAAAAA,0
HEK_lenti_in_situ.txt,128,TTTTTTTAACCTTGTCCAAGAAACACAATAGCAT,NNNNNNNNNNNNNNNNNNNNNNNNNNNNNNNNNN,AAAAAAAAAAAAAAAAAAAAAAAAAAAAAAAAAA,1
HEK_lenti_in_situ.txt,129,TACATTTCGCGCCTGGGCGGAACCAGTCACCGCG,NNNNNNANANNNNNNNANNNNNNNNNNNNNANAN,AAAAAAAAAAAAAAAAAAAAAAAAAAAAAAAAAA,0
HEK_lenti_in_situ.txt,130,GGTCTTTCGGGGGCTCCGTAACTTTCTATCCGTC,NNNNNNNNNNNNNNNNNNNNNNNNNNNNNNNNNN,AAAAAAAAAAAAAAAAAAAAAAAAAAAAAAAAAA,0
HEK_lenti_in_situ.txt,131,TAATTTTCCTAAACTTTCCCCTTCTGTACTTCTA,NNNNNNNNNNNNNNNNNNNNNNNNNNNNNNNNNN,AAAAAAAAAAAAAAAAAAAAAAAAAAAAAAAAAA,0
HEK_lenti_in_situ.txt,132,CCCTTTTCCCTCCATGGTTTCTCTCCGCTCCCGT,NNNNNNNNNNNNNNNNNNNNNNNNNANNNNNANN,AAAAAAAAAAAAAAAAAAAAAAAAAAAAAAAAAA,1
HEK_lenti_in_situ.txt,133,GCACTTTAAGGGCCGCTCTAGGCCAGGATGGAAG,NNNNNNNNNNNNNNNNNNNNNNNNNNNNNNNNNN,AAAAAAAAAAAAAAAAAAAAAAAAAAAAAAAAAA,0
HEK_lenti_in_situ.txt,134,CATATTTAGCTAGGCGCTACCCACAATGCATTTG,NNNNNNNNNNNNNNNNNNNNNNNNNNNNNNNNNN,AAAAAAAAAAAAAAAAAAAAAAAAAAAAAAAAAA,1
HEK_lenti_in_situ.txt,135,CTCCTTTCCTGGCCAATCCTATTAAAGGGTGGGC,NNNNNNNNNNNNNNNNNNNNNNNNNNNNNNNNNN,AAAAAAAAAAAAAAAAAAAAAAAAAAAAAAAAAA,0
HEK_lenti_in_situ.txt,136,CAGCTTTACAGCCTCCACTCAGGACTATCATTGC,NNNNNNNNNNNNNNNNNNNNNNNNNNNNNNNNNN,AAAAAAAAAAAAAAAAAAAAAAAAAAAAAAAAAA,1
HEK_lenti_in_situ.txt,137,AGCGTTTCCCAAGGACATTTTCCACTGGAGGACG,NNNNNNNNNNNNNNNNNNNNNNNNNNNNNNNNNN,AAAAAAAAAAAAAAAAAAAAAAAAAAAAAAAAAA,1
HEK_lenti_in_situ.txt,138,CTGCTTTGTGATGTCTGCGTTCAACTCACAGAGT,NNNNNNNNNNNNNNNNNNNNNNNNNNNNNNNNNN,NNNNNNNNNNNNNNNNNNNNNNNNNNNNNNNNNN,0
HEK_lenti_in_situ.txt,139,CGCGTTTCGCGCGCCACCAGGCCGTAGTGTCGCG,NNNNNNNNNNNNNNNNNNNNNNNNNNNNNNNNNN,AAAAAAAAAAAAAAAAAAAAAAAAAAAAAAAAAA,0
HEK_lenti_in_situ.txt,140,AGTCTTTCCTTACGCACCTGTCTAACAGCGTCCG,NNNNNNNNNNNNANNNNNNNNNNNNNNNANNNAN,AAAAAAAAAAAAAAAAAAAAAAAAAAAAAAAAAA,0
HEK_lenti_in_situ.txt,141,GGCCTTTACTGCCGAATCCAGGTCTCCGGGCTTA,NNNNNNNNNNNNANNNNNNNNNNNNNANNNNNNN,AAAAAAAAAAAAAAAAAAAAAAAAAAAAAAAAAA,0
HEK_lenti_in_situ.txt,142,TGACTTTGAATGGAGTCGTGAGCGCAAGAACGCT,NNNNNNNNNNNNNNNNNNNNNNNNNNNNNNNNNN,AAAAAAAAAAAAAAAAAAAAAAAAAAAAAAAAAA,1
HEK_lenti_in_situ.txt,143,CTGGTTTGAAGCCAAAAACAACCTCTCCACAGAC,NNNNNNNNNNNNNNNNNNNNNNNNNNNNNNNNNN,AAAAAAAAAAAAAAAAAAAAAAAAAAAAAAAAAA,1
HEK_lenti_in_situ.txt,144,CTACTTTGTGATGTTTGCATTCAGCTCATAGAGT,NNNNNNNNNNNNNNNNNNNNNNNNNNNNNNNNNN,NNNNNNNNNNNNNNNNNNNNNNNNNNNNNNNNNN,0
HEK_lenti_in_situ.txt,145,CAGCTTTGGGGGTTTGCTGCTGGCTCTGACTCCC,NNNNNNNNNNNNNNNNNNNNNNNNNNNNNNNNNN,AAAAAAAAAAAAAAAAAAAAAAAAAAAAAAAAAA,0
HEK_lenti_in_situ.txt,146,CAGCTTTGCTGGAGATCGGTTTGGCCACAGGCCG,NNNNNNNNNNNNNNNNANNNNNNNNNNNNNNANN,AAAAAAAAAAAAAAAAAAAAAAAAAAAAAAAAAA,0
HEK_lenti_in_situ.txt,147,CCGCTTTCTCCGCAGCATAGACTCCGCCCAGCTC,ANNNNNNNNANNNNNNNNNNNNNANNNNNNNNNN,AAAAAAAAAAAAAAAAAAAAAAAAAAAAAAAAAA,0
